<?xml version="1.0" encoding="UTF-8"?>
<beans xmlns="http://www.springframework.org/schema/beans"
	xmlns:xsi="http://www.w3.org/2001/XMLSchema-instance" 
    xmlns:security="http://www.springframework.org/schema/security"
	xsi:schemaLocation="http://www.springframework.org/schema/beans 
	   		http://www.springframework.org/schema/beans/spring-beans-3.0.xsd
			http://www.springframework.org/schema/security 
			http://www.springframework.org/schema/security/spring-security-3.1.xsd">
	
	<!-- Spring-Security 的配置 -->
	<!-- 注意use-expressions=true.表示开启表达式,否则表达式将不可用.
		auto-config=true时，spring security会自动生成登录页面
	see:http://www.family168.com/tutorial/springsecurity3/html/el-access.html
	 -->
	<security:http auto-config="true" use-expressions="true" access-denied-page="/auth/denied" >
		<!-- 权限控制规则：pattern 属性表示我们将对哪些 url 进行权限控制，其也可以是一个正则表达式，
			pattern="/**"对所有的URL进行权限控制
			access：属性表示在请求对应的 URL 时需要什么权限，默认配置时它应该是一个以逗号分隔的角色列表，
			请求的用户只需拥有其中的一个角色就能成功访问对应的 URL。这里的 “ROLE_USER” 表示请求的用户应当具有 ROLEUSER 角色。
		-->
		<security:intercept-url pattern="/auth/login" access="permitAll"/>
		<security:intercept-url pattern="/main/admin" access="hasRole('ROLE_ADMIN')"/>
		<security:intercept-url pattern="/main/common" access="hasRole('ROLE_USER')"/>
		
		<!-- 
			login-page:指定登录登录页面url
			default-target-url：指定登录成功后跳转的页面（欢迎页面或者首页）
			authentication-failure-url：指定登录失败后的页面url
		-->
		<security:form-login
				login-page="/auth/login" 
				authentication-failure-url="/auth/login?error=true" 
				default-target-url="/main/common"/>
			
		<security:logout 
				invalidate-session="true" 
				logout-success-url="/auth/login" 
				logout-url="/auth/logout"/>
	
	</security:http>
	
	<!-- 指定一个自定义的authentication-manager :customUserDetailsService -->
	<!-- 
		authentication-manager 元素指定了一个 AuthenticationManager，
		其需要一个 AuthenticationProvider（对应 authentication-provider 元素）来进行真正的认证
	 -->
	<security:authentication-manager>
		<security:authentication-provider user-service-ref="customUserDetailsService">
			<security:password-encoder ref="passwordEncoder"/>
		</security:authentication-provider>
	</security:authentication-manager>
	
	<!-- 对密码进行MD5编码 -->
	<bean class="org.springframework.security.authentication.encoding.Md5PasswordEncoder" id="passwordEncoder"/>

	<!-- 
		通过 customUserDetailsService,Spring会自动的用户的访问级别.
		也可以理解成:以后我们和数据库操作就是通过customUserDetailsService来进行关联.
	 -->
	<bean id="customUserDetailsService" class="com.demo.service.CustomUserDetailsService"/>
	
</beans>
